{
    "model_3": {
        "metrics": {
            "accuracy": 0.979334916864608,
            "precision": 0.9565111433453328,
            "recall": 0.9735736550926135,
            "f1_score": 0.9640280692466504
        }
    }
}