{
    "model_2": {
        "metrics": {
            "accuracy": 0.9279097387173397,
            "precision": 0.9380957333886806,
            "recall": 0.9264311726452777,
            "f1_score": 0.9365908719703342
        }
    }
}