{
    "model_1": {
        "metrics": {
            "accuracy": 0.825882818685669,
            "precision": 0.8711444776230323,
            "recall": 0.8580595922633334,
            "f1_score": 0.8569747319283447
        }
    }
}